id,word
00000000,good
00000001,first
00000002,who
00000003,am
00000004,hello
00000005,you
00000006,job
00000007,i
00000008,design
00000009,txt
0000000A,are
0000000B,harsh
0000000C,no
0000000D,lab
0000000E,only
0000000F,extra
00000010,greenmarketingnew
00000011,skill
00000012,smithdeliveredmediumwest
00000013,leehradvanced
00000014,employee
00000015,browncancelledlowcentral
00000016,proficiency
00000017,greenmarketingadvanced
00000018,3000electronicsglobexdiscontinued
00000019,create
0000001A,a
0000001B,tableemployeesemployees
0000001C,franciscomid
0000001D,f
0000001E,grace
0000001F,m
00000020,blackdeliveredhighcentral
00000021,doohickeyaccessoriesacmediscontinued
00000022,smithpendinglowwest
00000023,brownhrchicagosenior
00000024,smithmarketingsan
00000025,integer
00000026,format
00000027,proelectronicsacmeactive
00000028,bob
00000029,johnsonpythonexpert
0000002A,alice
0000002B,products
0000002C,dept
0000002D,y
0000002E,ahardwareinitechactive
0000002F,name
00000030,3
00000031,whitejavaexpert
00000032,region
00000033,sqlite
00000034,johnsonengineeringnew
00000035,frank
00000036,johnsonpendinghigheast
00000037,brand
00000038,employees
00000039,customer
0000003A,stableskillsskills
0000003B,tableproductsproducts
0000003C,henry
0000003D,smithmarketingexpert
0000003E,key
0000003F,johnsonsqladvanced
00000040,seq
00000041,bhardwareinitechactive
00000042,whiteengineeringnew
00000043,johnsonshippedhigheast
00000044,brownhrexpert
00000045,p
00000046,skills
00000047,yorkjunior
00000048,blackc
00000049,sequence
0000004A,primary
0000004B,eva
0000004C,franciscojunior
0000004D,thingamajighardwareglobexactive
0000004E,status
0000004F,gizmo
00000050,greenshippedmediumwest
00000051,j
00000052,tableordersorders
00000053,level
00000054,id
00000055,david
00000056,sprocket
00000057,s
00000058,table
00000059,xaccessoriesglobexactive
0000005A,expert
0000005B,orders
0000005C,autoincrement
0000005D,widget
0000005E,ytablesqlite
0000005F,whitedeliveredmediumeast
00000060,text
00000061,category
00000062,priority
00000063,blackpythonadvanced
00000064,w
00000065,city
00000066,whitepythonadvanced
00000067,'
00000068,l
00000069,blackengineeringchicagomid
0000006A,4
0000006B,liteelectronicsacmeactive
0000006C,adamsengineeringnew
0000006D,gadget
0000006E,leehrsan
0000006F,yorksenior
00000070,sequencesqlite
00000071,carol
