word,id
trials,00000000
logs,00000001
codes,00000002
diagnostic,00000003
insulin,00000004
audit,00000005
and,00000006
concentration,00000007
healthcare,00000008
therapies,00000009
the,0000000A
reveals,0000000B
clinical,0000000C
monitor,0000000D
diabetes,0000000E
patient,0000000F
ankit,00000010
text,00000011
is,00000012
replace,00000013
pal,00000014
sample,00000015
content,00000016
amlesh,00000017
a,00000018
you,00000019
as,0000001A
needed,0000001B
can,0000001C
kumar,0000001D
edit,0000001E
this,0000001F
file,00000020
or,00000021
recovery,00000022
ongoing,00000023
mellitus,00000024
suggest,00000025
rates,00000026
with,00000027
prescribed,00000028
diagnosed,00000029
treatment,0000002A
significant,0000002B
network,0000002C
encryption,0000002D
research,0000002E
neural,0000002F
learning,00000030
models,00000031
paper,00000032
homomorphic,00000033
architectures,00000034
optimizations,00000035
advanced,00000036
explores,00000037
machine,00000038
first,00000039
in,0000003A
enterprise,0000003B
driving,0000003C
revenue,0000003D
are,0000003E
targets,0000003F
quarter,00000040
metrics,00000041
indicate,00000042
scale,00000043
exceeded,00000044
cloud,00000045
services,00000046
increase,00000047
documents,00000048
secret,00000049
non,0000004A
indices,0000004B
disclosure,0000004C
trade,0000004D
legal,0000004E
establish,0000004F
clauses,00000050
proprietary,00000051
regarding,00000052
protections,00000053
security,00000054
to,00000055
team,00000056
all,00000057
records,00000058
need,00000059
be,0000005A
address,0000005B
medical,0000005C
encrypted,0000005D
containing,0000005E
database,0000005F
statistics,00000060
must,00000061
we,00000062
